<?xml version="1.0" encoding="UTF-8"?>
  <!--Generated by LearningCart www.LearningCart.com -->
<manifest identifier="CourseID" version="1.2"
          xmlns="http://www.imsproject.org/xsd/imscp_rootv1p1p2"
          xmlns:adlcp="http://www.adlnet.org/xsd/adlcp_rootv1p2"
          xmlns:xsi="http://www.w3.org/2001/XMLSchema-instance"
          xsi:schemaLocation="http://www.imsproject.org/xsd/imscp_rootv1p1p2 imscp_rootv1p1p2.xsd
                              http://www.imsglobal.org/xsd/imsmd_rootv1p2p1 imsmd_rootv1p2p1.xsd
                              http://www.adlnet.org/xsd/adlcp_rootv1p2 adlcp_rootv1p2.xsd" >

  <organizations default="CourseID-org">
    <organization identifier="CourseID-org">
      <title>viva</title>
      <item identifier="I_LC001" identifierref="LC001">
        <title>viva</title>
      </item>
      <metadata>
        <schema>ADL SCORM</schema>
        <schemaversion>1.2</schemaversion>
      </metadata>
    </organization>
  </organizations>

                                <resources>
                                  <resource identifier="LC001" type="webcontent" adlcp:scormtype="sco" href="index.html">
                                            <file href="index.html" />
                                            <file href="asset-manifest.json" />
                                            <file href="favicon.ico" />
                                            <file href="logo192.png" />
                                            <file href="logo512.png" />
                                            <file href="manifest.json" />
                                            <file href="robots.txt" />
                                            <file href="static/css/main.3007b55f.css" />
                                            <file href="static/css/main.3007b55f.css.map" />
                                            <file href="static/js/652.27a41352.chunk.js" />
                                            <file href="static/js/652.27a41352.chunk.js.map" />
                                            <file href="static/js/703.8a2eb549.chunk.js" />
                                            <file href="static/js/703.8a2eb549.chunk.js.map" />
                                            <file href="static/js/main.773bdc24.js" />
                                            <file href="static/js/main.773bdc24.js.map" />
                                            <file href="static/media/logoWhite.7208d9659242baef9f0d.png" />
                                           
                                   </resource>
                                 </resources>
</manifest>
                                         